"date","bib6","bio6","bib8","bio8"
1929-07-01,141,141,169,169
1929-07-02,141,141,169,169
1929-07-03,141,141,169,169
1929-07-04,141,141,169,169
1929-07-05,141,141,169,169
1929-07-06,141,141,169,169
1929-07-07,141,141,169,169
1929-07-08,141,141,169,169
1929-07-09,141,141,169,169
1929-07-10,141,141,169,169
1929-07-11,141,141,169,169
1929-07-12,141,141,169,169
1929-07-13,141,141,169,169
1929-07-14,141,141,169,169
1929-07-15,141,141,169,169
1929-07-16,141,141,169,169
1929-07-17,141,141,169,169
1929-07-18,141,141,169,169
1929-07-19,141,141,169,169
1929-07-20,141,141,169,169
1929-07-21,141,141,169,169
1929-07-22,141,141,169,169
1929-07-23,141,141,169,169
1929-07-24,141,141,169,169
1929-07-25,141,141,169,169
1929-07-26,141,141,169,169
1929-07-27,141,141,169,169
1929-07-28,141,141,169,169
1929-07-29,141,141,169,169
1929-07-30,141,141,169,169
1929-07-31,141,141,169,169
1929-08-01,141,141,169,169
1929-08-02,141,141,169,169
1929-08-03,141,141,169,169
1929-08-04,141,141,169,169
1929-08-05,141,141,169,169
1929-08-06,141,141,169,169
1929-08-07,141,141,169,169
1929-08-08,141,141,169,169
1929-08-09,141,141,169,169
1929-08-10,141,141,169,169
1929-08-11,141,141,169,169
1929-08-12,141,141,169,169
1929-08-13,141,141,169,169
1929-08-14,141,141,169,169
1929-08-15,141,141,169,169
1929-08-16,141,141,169,169
1929-08-17,141,141,169,169
1929-08-18,141,141,169,169
1929-08-19,141,141,169,169
1929-08-20,141,141,169,169
1929-08-21,141,141,169,169
1929-08-22,141,141,169,169
1929-08-23,141,141,169,169
1929-08-24,141,141,169,169
1929-08-25,141,141,169,169
1929-08-26,141,141,169,169
1929-08-27,141,141,169,169
1929-08-28,141,141,169,169
1929-08-29,141,141,169,169
1929-08-30,141,141,169,169
1929-08-31,141,141,169,169
1929-09-01,141,141,169,169
1929-09-02,141,141,169,169
1929-09-03,141,141,169,169
1929-09-04,141,141,169,169
1929-09-05,141,141,169,169
1929-09-06,141,141,169,169
1929-09-07,141,141,169,169
1929-09-08,141,141,169,169
1929-09-09,141,141,169,169
1929-09-10,141,141,169,169
1929-09-11,141,141,169,169
1929-09-12,141,141,169,169
1929-09-13,141,141,169,169
1929-09-14,141,141,169,169
1929-09-15,141,141,169,169
1929-09-16,141,141,169,169
1929-09-17,141,141,169,169
1929-09-18,141,141,169,169
1929-09-19,141,141,170,170
1929-09-20,141,141,170,170
1929-09-21,141,141,170,170
1929-09-22,141,141,170,170
1929-09-23,141,141,170,170
1929-09-24,141,141,170,170
1929-09-25,141,141,170,170
1929-09-26,141,141,170,170
1929-09-27,141,141,170,170
1929-09-28,141,141,170,170
1929-09-29,141,141,170,170
1929-09-30,141,141,170,170
1929-10-01,141,141,170,170
1929-10-02,141,141,170,170
1929-10-03,141,141,170,170
1929-10-04,141,141,170,170
1929-10-05,141,141,170,170
1929-10-06,141,141,170,170
1929-10-07,141,141,170,170
1929-10-08,141,141,170,170
1929-10-09,141,141,170,170
1929-10-10,141,141,170,170
1929-10-11,141,141,170,170
1929-10-12,141,141,170,170
1929-10-13,141,141,170,170
1929-10-14,141,141,170,170
1929-10-15,141,141,170,170
1929-10-16,141,141,170,170
1929-10-17,141,141,170,170
1929-10-18,141,141,170,170
1929-10-19,141,141,170,170
1929-10-20,141,141,170,170
1929-10-21,141,141,170,170
1929-10-22,141,141,170,170
1929-10-23,141,141,170,170
1929-10-24,141,141,170,170
1929-10-25,141,141,170,170
1929-10-26,141,141,170,170
1929-10-27,141,141,170,170
1929-10-28,141,141,170,170
1929-10-29,141,141,170,170
1929-10-30,141,141,170,170
1929-10-31,141,141,170,170
1929-11-01,141,141,170,170
1929-11-02,141,141,170,170
1929-11-03,141,141,170,170
1929-11-04,141,141,170,170
1929-11-05,141,141,170,170
1929-11-06,141,141,170,170
1929-11-07,141,141,170,170
1929-11-08,141,141,170,170
1929-11-09,141,141,170,170
1929-11-10,141,141,170,170
1929-11-11,141,141,170,170
1929-11-12,141,141,170,170
1929-11-13,141,141,170,170
1929-11-14,141,141,170,170
1929-11-15,141,141,170,170
1929-11-16,141,141,170,170
1929-11-17,141,141,170,170
1929-11-18,141,141,170,170
1929-11-19,141,141,170,170
1929-11-20,141,141,170,170
1929-11-21,141,141,170,170
1929-11-22,141,141,170,170
1929-11-23,141,141,170,170
1929-11-24,141,141,170,170
1929-11-25,141,141,170,170
1929-11-26,141,141,170,170
1929-11-27,141,141,170,170
1929-11-28,141,141,170,170
1929-11-29,141,141,170,170
1929-11-30,141,141,170,170
1929-12-01,141,141,170,170
1929-12-02,141,141,170,170
1929-12-03,141,141,170,170
1929-12-04,141,141,170,170
1929-12-05,141,141,170,170
1929-12-06,141,141,170,170
1929-12-07,141,141,170,170
1929-12-08,141,141,170,170
1929-12-09,141,141,170,170
1929-12-10,141,141,170,170
1929-12-11,141,141,170,170
1929-12-12,141,141,170,170
1929-12-13,141,141,170,170
1929-12-14,141,141,170,170
1929-12-15,141,141,170,170
1929-12-16,141,141,170,170
1929-12-17,141,141,170,170
1929-12-18,141,141,170,170
1929-12-19,141,141,170,170
1929-12-20,141,141,170,170
1929-12-21,141,141,170,170
1929-12-22,141,141,170,170
1929-12-23,141,141,170,170
1929-12-24,141,141,170,170
1929-12-25,141,141,170,170
1929-12-26,141,141,170,170
1929-12-27,141,141,170,170
1929-12-28,141,141,170,170
1929-12-29,141,141,170,170
1929-12-30,141,141,170,170
1929-12-31,141,141,169,169
1930-01-01,141,141,169,169
1930-01-02,141,141,169,169
1930-01-03,141,141,169,169
1930-01-04,141,141,169,169
1930-01-05,141,141,169,169
1930-01-06,141,141,169,169
1930-01-07,141,141,169,169
1930-01-08,141,141,169,169
1930-01-09,141,141,169,169
1930-01-10,141,141,169,169
1930-01-11,141,141,169,169
1930-01-12,141,141,169,169
1930-01-13,141,141,169,169
1930-01-14,141,141,169,169
1930-01-15,141,141,169,169
1930-01-16,141,141,169,169
1930-01-17,141,141,169,169
1930-01-18,141,141,169,169
1930-01-19,141,141,169,169
1930-01-20,141,141,169,169
1930-01-21,141,141,169,169
1930-01-22,141,141,169,169
1930-01-23,141,141,169,169
1930-01-24,141,141,169,169
1930-01-25,141,141,169,169
1930-01-26,141,141,169,169
1930-01-27,141,141,169,169
1930-01-28,141,141,169,169
1930-01-29,141,141,169,169
1930-01-30,141,141,169,169
1930-01-31,141,141,169,169
1930-02-01,141,141,169,169
1930-02-02,141,141,169,169
1930-02-03,141,141,168,168
1930-02-04,141,141,168,168
1930-02-05,141,141,168,168
1930-02-06,141,141,168,168
1930-02-07,141,141,168,168
1930-02-08,141,141,168,168
1930-02-09,141,141,168,168
1930-02-10,141,141,168,168
1930-02-11,141,141,168,168
1930-02-12,141,141,168,168
1930-02-13,141,141,168,168
1930-02-14,141,141,168,168
1930-02-15,141,141,168,168
1930-02-16,141,141,168,168
1930-02-17,141,141,168,168
1930-02-18,141,141,167,167
1930-02-19,141,141,167,167
1930-02-20,141,141,167,167
1930-02-21,141,141,167,167
1930-02-22,141,141,167,167
1930-02-23,141,141,166,166
1930-02-24,141,141,166,166
1930-02-25,141,141,166,166
1930-02-26,141,141,166,166
1930-02-27,141,141,166,166
1930-02-28,141,141,166,166
1930-03-01,141,141,166,166
1930-03-02,141,141,166,166
1930-03-03,141,141,166,166
1930-03-04,141,141,166,166
1930-03-05,141,141,166,166
1930-03-06,141,141,166,166
1930-03-07,141,141,166,166
1930-03-08,141,141,166,166
1930-03-09,141,141,166,166
1930-03-10,141,141,166,166
1930-03-11,142,142,166,166
1930-03-12,142,142,166,166
1930-03-13,142,142,166,166
1930-03-14,142,142,166,166
1930-03-15,141,141,166,166
1930-03-16,141,141,166,166
1930-03-17,141,141,166,166
1930-03-18,141,141,166,166
1930-03-19,141,141,166,166
1930-03-20,141,141,166,166
1930-03-21,141,141,166,166
1930-03-22,141,141,166,166
1930-03-23,141,141,166,166
1930-03-24,141,141,166,166
1930-03-25,141,141,166,166
1930-03-26,141,141,166,166
1930-03-27,141,141,166,166
1930-03-28,141,141,166,166
1930-03-29,141,141,166,166
1930-03-30,141,141,166,166
1930-03-31,141,141,166,166
1930-04-01,141,141,166,166
1930-04-02,141,141,166,166
1930-04-03,141,141,166,166
1930-04-04,140,140,166,166
1930-04-05,139,139,166,166
1930-04-06,139,139,166,166
1930-04-07,139,139,166,166
1930-04-08,139,139,166,166
1930-04-09,139,139,166,166
1930-04-10,139,139,166,166
1930-04-11,139,139,166,166
1930-04-12,139,139,166,166
1930-04-13,139,139,166,166
1930-04-14,139,139,166,166
1930-04-15,139,139,166,166
1930-04-16,139,139,166,166
1930-04-17,139,139,166,166
1930-04-18,139,139,166,166
1930-04-19,139,139,166,166
1930-04-20,139,139,165,165
1930-04-21,139,139,165,165
1930-04-22,139,139,165,165
1930-04-23,139,139,165,165
1930-04-24,139,139,165,165
1930-04-25,139,139,165,165
1930-04-26,139,139,165,165
1930-04-27,139,139,165,165
1930-04-28,139,139,165,165
1930-04-29,139,139,165,165
1930-04-30,139,139,165,165
1930-05-01,139,139,165,165
1930-05-02,139,139,165,165
1930-05-03,139,139,165,165
1930-05-04,139,139,165,165
1930-05-05,139,139,165,165
1930-05-06,139,139,166,166
1930-05-07,139,139,166,166
1930-05-08,139,139,166,166
1930-05-09,139,139,166,166
1930-05-10,139,139,166,166
1930-05-11,139,139,166,166
1930-05-12,139,139,166,166
1930-05-13,139,139,165,165
1930-05-14,139,139,165,165
1930-05-15,139,139,165,165
1930-05-16,138,138,165,165
1930-05-17,137,137,165,165
1930-05-18,137,137,165,165
1930-05-19,137,137,165,165
1930-05-20,137,137,165,165
1930-05-21,137,137,165,165
1930-05-22,137,137,165,165
1930-05-23,136,136,165,165
1930-05-24,136,136,165,165
1930-05-25,136,136,165,165
1930-05-26,136,136,165,165
1930-05-27,136,136,165,165
1930-05-28,136,136,165,165
1930-05-29,136,136,165,165
1930-05-30,136,136,165,165
1930-05-31,136,136,165,165
1930-06-01,136,136,165,165
1930-06-02,136,136,165,165
1930-06-03,136,136,165,165
1930-06-04,136,136,165,165
1930-06-05,136,136,165,165
1930-06-06,136,136,165,165
1930-06-07,136,136,165,165
1930-06-08,136,136,165,165
1930-06-09,136,136,165,165
1930-06-10,136,136,165,165
1930-06-11,136,136,165,165
1930-06-12,136,136,165,165
1930-06-13,136,136,165,165
1930-06-14,136,136,165,165
1930-06-15,136,136,165,165
1930-06-16,136,136,165,165
1930-06-17,136,136,165,165
1930-06-18,136,136,165,165
1930-06-19,136,136,165,165
1930-06-20,135,135,165,165
1930-06-21,135,135,165,165
1930-06-22,135,135,165,165
1930-06-23,135,135,165,165
1930-06-24,135,135,165,165
1930-06-25,135,135,165,165
1930-06-26,135,135,165,165
1930-06-27,135,135,165,165
1930-06-28,135,135,165,165
1930-06-29,135,135,165,165
1930-06-30,135,135,165,165
1930-07-01,135,135,165,165
1930-07-02,135,135,165,165
1930-07-03,135,135,165,165
1930-07-04,135,135,165,165
1930-07-05,135,135,165,165
1930-07-06,135,135,165,165
1930-07-07,135,135,165,165
1930-07-08,135,135,165,165
1930-07-09,135,135,165,165
1930-07-10,135,135,165,165
1930-07-11,135,135,165,165
1930-07-12,135,135,165,165
1930-07-13,135,135,165,165
1930-07-14,135,135,165,165
1930-07-15,135,135,165,165
1930-07-16,135,135,165,165
1930-07-17,135,135,165,165
1930-07-18,135,135,165,165
1930-07-19,135,135,165,165
1930-07-20,135,135,165,165
1930-07-21,135,135,165,165
1930-07-22,135,135,165,165
1930-07-23,135,135,165,165
1930-07-24,135,135,165,165
1930-07-25,135,135,165,165
1930-07-26,135,135,165,165
1930-07-27,135,135,165,165
1930-07-28,135,135,165,165
1930-07-29,135,135,165,165
1930-07-30,135,135,165,165
1930-07-31,135,135,165,165
1930-08-01,135,135,165,165
1930-08-02,135,135,165,165
1930-08-03,135,135,165,165
1930-08-04,135,135,165,165
1930-08-05,135,135,165,165
1930-08-06,135,135,165,165
1930-08-07,135,135,165,165
1930-08-08,135,135,165,165
1930-08-09,135,135,165,165
1930-08-10,135,135,166,166
1930-08-11,135,135,166,166
1930-08-12,135,135,166,166
1930-08-13,135,135,166,166
1930-08-14,135,135,166,166
1930-08-15,135,135,166,166
1930-08-16,135,135,166,166
1930-08-17,135,135,166,166
1930-08-18,135,135,166,166
1930-08-19,135,135,166,166
1930-08-20,135,135,166,166
1930-08-21,135,135,166,166
1930-08-22,135,135,166,166
1930-08-23,135,135,166,166
1930-08-24,135,135,166,166
1930-08-25,133,133,166,166
1930-08-26,133,133,166,166
1930-08-27,133,133,166,166
1930-08-28,133,133,166,166
1930-08-29,133,133,166,166
1930-08-30,133,133,166,166
1930-08-31,133,133,166,166
1930-09-01,133,133,166,166
1930-09-02,133,133,166,166
1930-09-03,133,133,166,166
1930-09-04,133,133,166,166
1930-09-05,133,133,166,166
1930-09-06,133,133,166,166
1930-09-07,133,133,166,166
1930-09-08,133,133,166,166
1930-09-09,133,133,166,166
1930-09-10,133,133,166,166
1930-09-11,133,133,166,166
1930-09-12,133,133,166,166
1930-09-13,133,133,166,166
1930-09-14,133,133,166,166
1930-09-15,133,133,166,166
1930-09-16,134,134,166,166
1930-09-17,134,134,166,166
1930-09-18,134,134,166,166
1930-09-19,134,134,166,166
1930-09-20,134,134,166,166
1930-09-21,134,134,166,166
1930-09-22,134,134,166,166
1930-09-23,134,134,166,166
1930-09-24,134,134,166,166
1930-09-25,134,134,166,166
1930-09-26,134,134,166,166
1930-09-27,134,134,166,166
1930-09-28,134,134,166,166
1930-09-29,134,134,166,166
1930-09-30,134,134,166,166
1930-10-01,134,134,166,166
1930-10-02,134,134,166,166
1930-10-03,134,133,166,166
1930-10-04,134,133,166,166
1930-10-05,134,133,166,166
1930-10-06,134,133,166,166
1930-10-07,134,133,166,166
1930-10-08,134,133,166,166
1930-10-09,134,133,166,166
1930-10-10,133,132,166,166
1930-10-11,133,132,166,166
1930-10-12,133,132,166,166
1930-10-13,133,132,166,166
1930-10-14,133,132,166,166
1930-10-15,133,132,165,165
1930-10-16,133,132,165,165
1930-10-17,133,132,165,165
1930-10-18,133,132,164,164
1930-10-19,133,132,163,163
1930-10-20,133,132,163,163
1930-10-21,133,132,163,163
1930-10-22,133,132,163,163
1930-10-23,133,132,163,163
1930-10-24,133,132,163,163
1930-10-25,133,132,163,163
1930-10-26,133,132,163,163
1930-10-27,133,132,163,163
1930-10-28,132,131,163,163
1930-10-29,132,131,163,163
1930-10-30,132,131,163,163
1930-10-31,132,131,163,163
1930-11-01,132,131,163,163
1930-11-02,131,130,163,163
1930-11-03,131,130,163,163
1930-11-04,131,130,163,163
1930-11-05,131,130,163,163
1930-11-06,131,130,163,163
1930-11-07,131,130,163,163
1930-11-08,131,130,163,163
1930-11-09,131,130,163,163
1930-11-10,131,130,163,163
1930-11-11,131,130,163,163
1930-11-12,131,130,163,163
1930-11-13,131,130,163,163
1930-11-14,131,130,163,163
1930-11-15,131,130,163,163
1930-11-16,131,130,163,163
1930-11-17,131,130,163,163
1930-11-18,131,130,163,163
1930-11-19,131,130,163,163
1930-11-20,131,130,162,162
1930-11-21,130,129,161,161
1930-11-22,130,129,161,161
1930-11-23,130,129,161,161
1930-11-24,130,129,161,161
1930-11-25,130,129,161,161
1930-11-26,130,129,161,161
1930-11-27,130,129,161,160
1930-11-28,130,129,161,160
1930-11-29,130,129,160,159
1930-11-30,130,129,160,159
1930-12-01,130,129,160,159
1930-12-02,130,129,160,159
1930-12-03,130,129,160,159
1930-12-04,130,129,160,159
1930-12-05,130,129,160,159
1930-12-06,130,129,160,159
1930-12-07,130,129,159,158
1930-12-08,129,128,159,158
1930-12-09,129,128,159,158
1930-12-10,129,128,159,158
1930-12-11,129,128,159,158
1930-12-12,129,128,159,158
1930-12-13,129,128,159,158
1930-12-14,129,128,159,158
1930-12-15,129,128,159,158
1930-12-16,129,128,159,158
1930-12-17,129,128,158,157
1930-12-18,129,128,158,157
1930-12-19,129,128,156,155
1930-12-20,129,128,153,151
1930-12-21,129,128,151,148
1930-12-22,129,128,151,148
1930-12-23,128,126,151,148
1930-12-24,128,126,150,146
1930-12-25,128,126,144,139
1930-12-26,128,126,144,138
1930-12-27,128,126,143,135
1930-12-28,128,126,143,134
1930-12-29,128,126,143,134
1930-12-30,128,125,143,134
1930-12-31,128,123,140,129
1931-01-01,128,123,140,129
1931-01-02,128,123,140,129
1931-01-03,128,123,138,124
1931-01-04,128,123,138,121
1931-01-05,128,123,138,121
1931-01-06,127,122,137,120
1931-01-07,126,121,135,118
1931-01-08,126,121,135,118
1931-01-09,126,121,134,116
1931-01-10,126,121,134,116
1931-01-11,126,121,133,112
1931-01-12,125,120,133,112
1931-01-13,125,119,133,112
1931-01-14,124,118,133,111
1931-01-15,123,117,133,111
1931-01-16,123,117,133,111
1931-01-17,123,117,133,111
1931-01-18,123,117,133,111
1931-01-19,123,117,133,111
1931-01-20,123,117,133,111
1931-01-21,122,116,133,111
1931-01-22,122,114,133,111
1931-01-23,122,114,133,111
1931-01-24,122,114,133,111
1931-01-25,122,114,133,112
1931-01-26,122,114,133,112
1931-01-27,121,113,133,112
1931-01-28,121,113,133,112
1931-01-29,121,113,133,112
1931-01-30,121,113,133,113
1931-01-31,121,114,133,113
1931-02-01,121,114,133,115
1931-02-02,121,114,133,115
1931-02-03,121,114,133,118
1931-02-04,121,114,133,118
1931-02-05,121,114,133,118
1931-02-06,121,114,133,119
1931-02-07,121,114,133,119
1931-02-08,121,114,133,118
1931-02-09,121,114,133,118
1931-02-10,121,114,133,118
1931-02-11,121,114,133,119
1931-02-12,121,114,133,119
1931-02-13,121,116,133,119
1931-02-14,121,116,133,119
1931-02-15,121,116,133,120
1931-02-16,121,116,133,120
1931-02-17,121,116,133,121
1931-02-18,121,116,133,122
1931-02-19,121,116,133,122
1931-02-20,121,116,133,122
1931-02-21,121,116,133,122
1931-02-22,121,117,133,119
1931-02-23,121,117,133,119
1931-02-24,121,117,133,121
1931-02-25,121,117,133,121
1931-02-26,121,117,133,121
1931-02-27,121,117,133,121
1931-02-28,121,117,133,121
1931-03-01,121,119,132,120
1931-03-02,121,119,132,120
1931-03-03,121,119,131,118
1931-03-04,121,119,131,118
1931-03-05,121,119,131,118
1931-03-06,121,119,131,118
1931-03-07,121,119,131,118
1931-03-08,121,119,131,118
1931-03-09,121,119,131,118
1931-03-10,121,119,131,118
1931-03-11,121,119,132,119
1931-03-12,121,119,132,119
1931-03-13,121,119,132,119
1931-03-14,121,119,132,119
1931-03-15,121,119,132,119
1931-03-16,121,119,132,119
1931-03-17,121,119,132,120
1931-03-18,121,119,132,120
1931-03-19,121,119,132,120
1931-03-20,121,120,132,120
1931-03-21,121,120,132,120
1931-03-22,121,120,132,120
1931-03-23,121,120,132,120
1931-03-24,121,120,132,120
1931-03-25,121,120,132,121
1931-03-26,121,120,132,121
1931-03-27,121,120,132,121
1931-03-28,121,120,132,121
1931-03-29,121,120,132,121
1931-03-30,121,120,132,121
1931-03-31,121,120,132,121
1931-04-01,121,120,132,121
1931-04-02,121,120,132,121
1931-04-03,121,120,132,121
1931-04-04,121,120,132,121
1931-04-05,121,120,132,121
1931-04-06,121,120,132,121
1931-04-07,121,120,132,122
1931-04-08,121,120,132,122
1931-04-09,121,120,132,123
1931-04-10,121,120,132,123
1931-04-11,121,120,132,123
1931-04-12,121,120,132,126
1931-04-13,121,120,132,126
1931-04-14,121,120,132,126
1931-04-15,121,120,132,126
1931-04-16,121,120,132,126
1931-04-17,121,120,132,126
1931-04-18,121,120,132,127
1931-04-19,121,120,132,127
1931-04-20,121,120,132,127
1931-04-21,121,120,132,127
1931-04-22,121,120,132,128
1931-04-23,121,121,132,128
1931-04-24,121,121,132,128
1931-04-25,121,121,132,128
1931-04-26,121,121,132,128
1931-04-27,121,121,132,128
1931-04-28,121,121,132,128
1931-04-29,121,121,132,128
1931-04-30,121,121,132,128
1931-05-01,121,121,132,128
1931-05-02,121,121,132,128
1931-05-03,121,121,132,128
1931-05-04,121,121,132,128
1931-05-05,121,121,132,128
1931-05-06,121,121,132,128
1931-05-07,121,121,132,128
1931-05-08,121,121,132,128
1931-05-09,121,121,132,128
1931-05-10,121,121,132,128
1931-05-11,121,121,132,128
1931-05-12,121,121,132,128
1931-05-13,121,121,132,128
1931-05-14,121,121,132,128
1931-05-15,121,121,132,128
1931-05-16,121,121,132,128
1931-05-17,121,121,132,128
1931-05-18,121,121,132,128
1931-05-19,121,121,132,128
1931-05-20,121,121,132,128
1931-05-21,121,121,132,128
1931-05-22,121,121,132,128
1931-05-23,121,121,132,128
1931-05-24,121,121,132,129
1931-05-25,121,121,132,129
1931-05-26,121,121,132,129
1931-05-27,121,121,132,129
1931-05-28,121,121,132,129
1931-05-29,121,121,132,129
1931-05-30,121,121,132,129
1931-05-31,121,121,132,129
1931-06-01,121,121,132,129
1931-06-02,121,121,132,129
1931-06-03,121,121,132,129
1931-06-04,121,121,132,129
1931-06-05,121,121,132,129
1931-06-06,121,121,132,129
1931-06-07,121,121,132,129
1931-06-08,121,121,132,129
1931-06-09,121,121,132,129
1931-06-10,121,121,132,129
1931-06-11,121,121,132,129
1931-06-12,121,121,132,129
1931-06-13,121,121,132,129
1931-06-14,121,121,132,129
1931-06-15,121,121,132,129
1931-06-16,121,121,132,129
1931-06-17,121,121,132,129
1931-06-18,121,121,132,129
1931-06-19,121,121,132,129
1931-06-20,121,121,132,129
1931-06-21,121,121,132,129
1931-06-22,121,121,132,129
1931-06-23,121,121,132,129
1931-06-24,121,121,132,129
1931-06-25,121,121,132,130
1931-06-26,121,121,132,130
1931-06-27,121,121,132,130
1931-06-28,121,121,132,130
1931-06-29,121,121,132,130
1931-06-30,121,121,132,130
1931-07-01,121,121,132,130
1931-07-02,121,121,132,130
1931-07-03,121,121,132,130
1931-07-04,121,121,132,130
1931-07-05,121,121,132,130
1931-07-06,121,121,132,130
1931-07-07,121,121,132,130
1931-07-08,121,121,132,130
1931-07-09,121,121,132,130
1931-07-10,121,121,132,130
1931-07-11,121,121,132,130
1931-07-12,121,121,132,130
1931-07-13,121,121,132,130
1931-07-14,121,121,132,130
1931-07-15,121,121,132,130
1931-07-16,121,121,132,130
1931-07-17,121,121,132,130
1931-07-18,121,121,132,130
1931-07-19,121,121,132,130
1931-07-20,121,121,132,130
1931-07-21,121,121,132,130
1931-07-22,121,121,132,130
1931-07-23,121,121,132,130
1931-07-24,121,121,132,130
1931-07-25,121,121,132,130
1931-07-26,121,121,132,130
1931-07-27,121,121,132,130
1931-07-28,121,121,132,130
1931-07-29,121,121,132,130
1931-07-30,121,121,132,130
1931-07-31,121,121,132,130
1931-08-01,121,121,132,130
1931-08-02,121,121,132,130
1931-08-03,121,121,132,130
1931-08-04,121,121,132,130
1931-08-05,121,121,132,130
1931-08-06,121,121,132,130
1931-08-07,121,121,132,130
1931-08-08,121,121,132,130
1931-08-09,121,121,132,130
1931-08-10,121,121,132,130
1931-08-11,121,121,132,130
1931-08-12,121,121,132,130
1931-08-13,121,121,132,130
1931-08-14,121,121,132,130
1931-08-15,121,121,132,130
1931-08-16,121,121,132,130
1931-08-17,121,121,132,130
1931-08-18,121,121,132,130
1931-08-19,121,121,132,130
1931-08-20,121,121,132,130
1931-08-21,121,121,132,130
1931-08-22,121,121,132,130
1931-08-23,121,121,132,130
1931-08-24,121,121,132,130
1931-08-25,121,121,132,130
1931-08-26,121,121,132,130
1931-08-27,121,121,132,130
1931-08-28,121,121,132,130
1931-08-29,121,121,132,130
1931-08-30,121,121,132,130
1931-08-31,121,121,132,130
1931-09-01,121,121,132,130
1931-09-02,121,121,132,130
1931-09-03,121,121,132,130
1931-09-04,121,121,132,130
1931-09-05,121,121,132,130
1931-09-06,121,121,132,130
1931-09-07,121,121,132,130
1931-09-08,121,121,132,130
1931-09-09,121,121,132,130
1931-09-10,121,121,132,130
1931-09-11,121,121,132,130
1931-09-12,121,121,132,130
1931-09-13,121,121,132,130
1931-09-14,121,121,132,130
1931-09-15,121,121,132,130
1931-09-16,121,121,132,130
1931-09-17,121,121,132,130
1931-09-18,120,120,132,130
1931-09-19,120,120,132,130
1931-09-20,120,120,132,130
1931-09-21,120,120,132,130
1931-09-22,119,119,132,130
1931-09-23,119,119,132,130
1931-09-24,119,119,132,130
1931-09-25,119,119,132,130
1931-09-26,119,119,132,130
1931-09-27,119,119,132,130
1931-09-28,119,119,132,130
1931-09-29,119,119,132,130
1931-09-30,119,119,132,130
1931-10-01,119,119,132,130
1931-10-02,119,119,132,130
1931-10-03,119,119,132,130
1931-10-04,119,119,132,130
1931-10-05,119,119,131,129
1931-10-06,119,119,131,129
1931-10-07,119,119,131,129
1931-10-08,119,119,131,129
1931-10-09,119,119,131,129
1931-10-10,119,119,131,129
1931-10-11,119,119,131,129
1931-10-12,119,119,131,129
1931-10-13,118,118,131,129
1931-10-14,118,118,131,129
1931-10-15,118,118,131,129
1931-10-16,118,117,131,129
1931-10-17,118,117,131,129
1931-10-18,118,117,131,129
1931-10-19,118,117,131,129
1931-10-20,118,117,131,129
1931-10-21,118,117,131,129
1931-10-22,118,117,131,129
1931-10-23,118,117,131,129
1931-10-24,118,117,131,129
1931-10-25,118,117,131,130
1931-10-26,118,117,131,130
1931-10-27,118,116,131,130
1931-10-28,118,116,131,130
1931-10-29,118,116,131,130
1931-10-30,118,116,131,130
1931-10-31,118,116,131,130
1931-11-01,118,116,131,130
1931-11-02,118,116,131,130
1931-11-03,118,116,131,130
1931-11-04,118,116,131,130
1931-11-05,118,116,131,130
1931-11-06,118,116,131,130
1931-11-07,118,116,131,130
1931-11-08,118,116,131,130
1931-11-09,118,116,131,130
1931-11-10,118,116,131,130
1931-11-11,118,116,131,130
1931-11-12,118,116,131,130
1931-11-13,118,116,131,130
1931-11-14,118,115,131,130
1931-11-15,117,114,131,130
1931-11-16,117,114,131,130
1931-11-17,117,114,130,129
1931-11-18,117,114,130,129
1931-11-19,117,114,130,129
1931-11-20,117,114,130,129
1931-11-21,117,114,129,128
1931-11-22,117,114,129,128
1931-11-23,117,114,129,128
1931-11-24,117,114,129,128
1931-11-25,117,114,129,128
1931-11-26,117,114,128,127
1931-11-27,117,114,128,127
1931-11-28,116,112,128,127
1931-11-29,116,112,128,127
1931-11-30,116,112,128,127
1931-12-01,116,111,128,127
1931-12-02,116,111,128,127
1931-12-03,116,111,128,127
1931-12-04,116,111,128,127
1931-12-05,116,110,128,127
1931-12-06,116,109,128,127
1931-12-07,116,109,128,127
1931-12-08,116,109,128,127
1931-12-09,116,109,128,127
1931-12-10,116,108,128,127
1931-12-11,116,108,128,127
1931-12-12,116,108,128,127
1931-12-13,116,108,128,127
1931-12-14,116,108,128,127
1931-12-15,116,108,128,127
1931-12-16,116,108,128,127
1931-12-17,116,108,127,125
1931-12-18,116,108,127,125
1931-12-19,116,108,127,125
1931-12-20,116,108,126,124
1931-12-21,116,108,126,124
1931-12-22,116,108,126,124
1931-12-23,116,108,124,122
1931-12-24,116,108,124,122
1931-12-25,116,108,123,121
1931-12-26,116,108,123,121
1931-12-27,116,108,122,120
1931-12-28,116,108,122,120
1931-12-29,116,108,122,120
1931-12-30,116,108,120,118
1931-12-31,116,108,120,118
1932-01-01,116,108,120,118
1932-01-02,116,108,120,118
1932-01-03,116,108,121,118
1932-01-04,116,108,121,118
1932-01-05,116,108,120,116
1932-01-06,116,108,120,116
1932-01-07,115,107,120,116
1932-01-08,115,107,120,116
1932-01-09,115,107,120,115
1932-01-10,115,107,120,115
1932-01-11,115,107,120,115
1932-01-12,114,107,120,115
1932-01-13,114,107,120,115
1932-01-14,114,107,120,115
1932-01-15,114,107,120,115
1932-01-16,114,107,120,115
1932-01-17,114,107,120,115
1932-01-18,114,107,120,115
1932-01-19,114,107,120,115
1932-01-20,114,107,120,115
1932-01-21,114,107,120,115
1932-01-22,114,107,120,115
1932-01-23,114,107,120,115
1932-01-24,114,107,120,115
1932-01-25,114,107,120,115
1932-01-26,114,107,120,115
1932-01-27,114,107,120,115
1932-01-28,114,107,120,115
1932-01-29,114,107,120,115
1932-01-30,114,107,120,115
1932-01-31,114,107,120,115
1932-02-01,114,107,120,115
1932-02-02,114,107,120,115
1932-02-03,114,107,120,115
1932-02-04,114,107,120,115
1932-02-05,114,107,120,115
1932-02-06,114,107,120,115
1932-02-07,114,107,120,115
1932-02-08,114,107,120,115
1932-02-09,114,107,120,115
1932-02-10,114,107,120,115
1932-02-11,114,107,120,115
1932-02-12,114,107,120,115
1932-02-13,114,108,120,115
1932-02-14,114,108,120,115
1932-02-15,114,108,120,115
1932-02-16,114,108,120,116
1932-02-17,114,108,120,116
1932-02-18,114,108,120,116
1932-02-19,114,108,120,116
1932-02-20,114,108,120,116
1932-02-21,114,108,120,116
1932-02-22,114,108,120,116
1932-02-23,114,108,120,116
1932-02-24,114,108,120,116
1932-02-25,114,108,120,116
1932-02-26,114,108,120,116
1932-02-27,114,108,120,116
1932-02-28,114,109,120,117
1932-02-29,114,109,120,117
1932-03-01,114,109,120,117
1932-03-02,114,109,120,117
1932-03-03,114,109,120,117
1932-03-04,114,109,120,117
1932-03-05,114,109,120,117
1932-03-06,114,109,120,117
1932-03-07,114,109,120,117
1932-03-08,114,109,120,117
1932-03-09,114,109,120,117
1932-03-10,114,109,120,117
1932-03-11,114,108,120,117
1932-03-12,114,108,120,117
1932-03-13,114,108,120,118
1932-03-14,114,108,120,118
1932-03-15,114,108,120,118
1932-03-16,114,108,120,119
1932-03-17,114,108,120,119
1932-03-18,114,108,120,119
1932-03-19,114,108,120,119
1932-03-20,114,108,120,119
1932-03-21,114,108,120,119
1932-03-22,114,108,120,119
1932-03-23,114,108,120,119
1932-03-24,114,108,120,119
1932-03-25,114,108,120,119
1932-03-26,114,108,120,119
1932-03-27,114,108,120,119
1932-03-28,114,108,120,119
1932-03-29,114,109,120,119
1932-03-30,114,109,120,119
1932-03-31,114,109,120,119
1932-04-01,114,109,120,119
1932-04-02,114,109,120,119
1932-04-03,114,109,120,119
1932-04-04,114,109,120,119
1932-04-05,114,109,120,119
1932-04-06,114,109,120,119
1932-04-07,114,109,120,119
1932-04-08,114,109,120,119
1932-04-09,114,109,120,119
1932-04-10,114,109,120,119
1932-04-11,114,109,120,119
1932-04-12,114,109,120,119
1932-04-13,114,109,120,119
1932-04-14,114,109,120,119
1932-04-15,114,109,120,119
1932-04-16,114,109,120,119
1932-04-17,114,109,120,119
1932-04-18,114,109,120,119
1932-04-19,114,109,120,119
1932-04-20,114,109,120,119
1932-04-21,114,109,120,119
1932-04-22,114,109,120,119
1932-04-23,114,109,120,119
1932-04-24,114,109,120,119
1932-04-25,114,109,120,119
1932-04-26,114,109,120,119
1932-04-27,114,109,120,119
1932-04-28,114,109,120,119
1932-04-29,114,109,120,119
1932-04-30,114,109,120,119
1932-05-01,114,109,120,119
1932-05-02,114,109,120,119
1932-05-03,114,109,120,119
1932-05-04,114,109,120,119
1932-05-05,114,109,120,119
1932-05-06,114,109,120,119
1932-05-07,114,109,120,119
1932-05-08,114,109,120,119
1932-05-09,114,109,120,119
1932-05-10,114,109,120,119
1932-05-11,114,110,120,119
1932-05-12,114,110,120,119
1932-05-13,114,110,120,119
1932-05-14,114,110,120,119
1932-05-15,114,110,120,119
1932-05-16,114,110,120,119
1932-05-17,114,110,120,119
1932-05-18,114,110,120,119
1932-05-19,114,110,120,119
1932-05-20,114,110,120,119
1932-05-21,114,110,120,119
1932-05-22,115,111,120,119
1932-05-23,115,111,120,119
1932-05-24,115,111,120,119
1932-05-25,115,111,120,119
1932-05-26,115,111,120,118
1932-05-27,115,111,120,118
1932-05-28,115,111,120,118
1932-05-29,115,111,120,118
1932-05-30,115,111,120,118
1932-05-31,115,111,120,118
1932-06-01,115,111,120,118
1932-06-02,115,112,120,118
1932-06-03,114,111,120,118
1932-06-04,114,111,120,118
1932-06-05,114,111,120,118
1932-06-06,114,111,120,118
1932-06-07,113,110,120,118
1932-06-08,113,111,120,118
1932-06-09,113,111,120,118
1932-06-10,113,111,120,118
1932-06-11,113,111,120,118
1932-06-12,113,111,120,118
1932-06-13,113,111,120,118
1932-06-14,113,111,120,118
1932-06-15,113,111,120,118
1932-06-16,113,111,120,118
1932-06-17,113,111,120,118
1932-06-18,113,111,120,118
1932-06-19,113,111,120,118
1932-06-20,113,111,120,118
1932-06-21,113,111,120,118
1932-06-22,113,111,120,118
1932-06-23,113,111,120,118
1932-06-24,113,111,120,118
1932-06-25,113,111,120,118
1932-06-26,113,111,120,118
1932-06-27,113,111,120,118
1932-06-28,113,111,120,118
1932-06-29,113,111,120,118
1932-06-30,113,111,120,118
1932-07-01,113,111,120,118
1932-07-02,113,111,121,119
1932-07-03,113,111,121,119
1932-07-04,113,111,121,119
1932-07-05,113,111,121,119
1932-07-06,112,110,121,119
1932-07-07,112,110,121,119
1932-07-08,112,110,121,119
1932-07-09,112,110,121,119
1932-07-10,112,110,121,119
1932-07-11,112,110,121,119
1932-07-12,112,110,121,119
1932-07-13,112,110,121,119
1932-07-14,112,110,121,119
1932-07-15,112,110,121,119
1932-07-16,112,110,121,119
1932-07-17,112,110,121,119
1932-07-18,112,110,121,119
1932-07-19,112,110,121,119
1932-07-20,112,110,121,119
1932-07-21,112,110,121,119
1932-07-22,112,110,121,119
1932-07-23,112,110,121,119
1932-07-24,112,110,121,119
1932-07-25,112,110,121,119
1932-07-26,112,110,121,119
1932-07-27,112,110,121,119
1932-07-28,112,110,121,119
1932-07-29,112,110,121,119
1932-07-30,112,110,121,119
1932-07-31,112,110,121,119
1932-08-01,112,110,121,119
1932-08-02,112,110,121,119
1932-08-03,112,110,121,119
1932-08-04,112,110,121,119
1932-08-05,112,110,121,119
1932-08-06,112,110,121,119
1932-08-07,112,110,121,119
1932-08-08,112,110,121,119
1932-08-09,112,110,121,119
1932-08-10,112,110,121,119
1932-08-11,112,110,121,119
1932-08-12,112,110,121,119
1932-08-13,112,110,121,119
1932-08-14,112,110,121,119
1932-08-15,112,110,121,119
1932-08-16,112,110,121,119
1932-08-17,112,110,121,119
1932-08-18,112,110,121,119
1932-08-19,112,110,121,119
1932-08-20,112,110,121,119
1932-08-21,112,110,121,119
1932-08-22,112,110,121,119
1932-08-23,112,110,121,119
1932-08-24,112,110,121,119
1932-08-25,112,110,121,119
1932-08-26,112,110,121,119
1932-08-27,112,110,121,119
1932-08-28,112,110,121,119
1932-08-29,112,110,121,119
1932-08-30,112,110,121,119
1932-08-31,112,110,121,119
1932-09-01,112,110,121,119
1932-09-02,112,110,121,119
1932-09-03,112,110,121,119
1932-09-04,112,110,121,119
1932-09-05,112,110,121,119
1932-09-06,112,110,121,119
1932-09-07,112,110,121,119
1932-09-08,112,110,121,119
1932-09-09,112,110,121,119
1932-09-10,112,110,121,119
1932-09-11,112,110,121,119
1932-09-12,112,110,121,119
1932-09-13,112,110,121,119
1932-09-14,112,110,121,119
1932-09-15,112,110,121,119
1932-09-16,112,110,121,119
1932-09-17,112,110,121,119
1932-09-18,112,110,121,119
1932-09-19,112,110,121,119
1932-09-20,112,110,121,119
1932-09-21,112,110,121,119
1932-09-22,112,110,121,119
1932-09-23,112,110,121,119
1932-09-24,112,110,121,119
1932-09-25,112,110,121,119
1932-09-26,112,110,121,119
1932-09-27,112,110,121,119
1932-09-28,112,110,121,119
1932-09-29,112,110,121,119
1932-09-30,112,110,121,119
1932-10-01,112,110,121,119
1932-10-02,112,110,121,119
1932-10-03,112,110,121,119
1932-10-04,112,110,121,119
1932-10-05,112,110,121,119
1932-10-06,112,110,121,119
1932-10-07,112,110,121,119
1932-10-08,112,110,121,119
1932-10-09,112,110,121,119
1932-10-10,112,110,121,119
1932-10-11,112,110,121,119
1932-10-12,112,110,121,119
1932-10-13,112,110,121,119
1932-10-14,112,110,121,119
1932-10-15,112,110,121,119
1932-10-16,112,110,121,119
1932-10-17,112,110,121,119
1932-10-18,112,110,121,119
1932-10-19,112,110,121,119
1932-10-20,112,110,121,119
1932-10-21,112,110,121,119
1932-10-22,112,110,121,119
1932-10-23,112,110,121,119
1932-10-24,112,110,121,119
1932-10-25,112,110,121,119
1932-10-26,112,110,121,119
1932-10-27,112,110,121,119
1932-10-28,112,110,121,119
1932-10-29,112,110,121,119
1932-10-30,112,110,121,119
1932-10-31,112,110,121,119
1932-11-01,112,110,120,118
1932-11-02,112,110,120,118
1932-11-03,112,110,120,118
1932-11-04,112,110,120,118
1932-11-05,112,110,120,118
1932-11-06,112,110,120,118
1932-11-07,112,110,120,118
1932-11-08,112,110,120,118
1932-11-09,112,110,120,118
1932-11-10,112,110,120,118
1932-11-11,112,110,120,118
1932-11-12,112,110,120,118
1932-11-13,112,110,120,118
1932-11-14,112,110,120,118
1932-11-15,112,110,120,118
1932-11-16,112,110,120,118
1932-11-17,112,110,120,118
1932-11-18,112,110,120,118
1932-11-19,112,110,120,118
1932-11-20,112,110,120,119
1932-11-21,112,110,120,119
1932-11-22,112,110,120,119
1932-11-23,112,110,121,120
1932-11-24,112,110,121,120
1932-11-25,112,110,121,120
1932-11-26,112,110,121,120
1932-11-27,112,110,121,120
1932-11-28,112,110,121,120
1932-11-29,112,110,121,120
1932-11-30,112,110,121,120
1932-12-01,112,110,121,120
1932-12-02,112,110,121,120
1932-12-03,112,110,121,120
1932-12-04,112,110,121,120
1932-12-05,112,110,121,120
1932-12-06,112,110,121,120
1932-12-07,112,110,121,120
1932-12-08,112,110,121,120
1932-12-09,112,110,121,120
1932-12-10,112,110,121,120
1932-12-11,112,110,121,120
1932-12-12,112,110,121,120
1932-12-13,112,110,121,120
1932-12-14,112,110,121,120
1932-12-15,112,110,121,120
1932-12-16,112,110,121,120
1932-12-17,112,110,121,120
1932-12-18,112,110,121,120
1932-12-19,112,110,121,120
1932-12-20,112,110,121,120
1932-12-21,112,110,121,120
1932-12-22,112,110,121,120
1932-12-23,112,110,121,120
1932-12-24,112,110,120,119
1932-12-25,112,110,120,119
1932-12-26,112,110,120,119
1932-12-27,112,110,120,119
1932-12-28,112,110,120,119
1932-12-29,112,110,120,119
1932-12-30,112,110,120,119
1932-12-31,112,110,120,119
1933-01-01,112,110,119,118
1933-01-02,112,110,119,118
1933-01-03,112,110,119,118
1933-01-04,112,110,119,118
1933-01-05,112,110,119,118
1933-01-06,112,110,119,118
1933-01-07,112,110,119,118
1933-01-08,112,110,119,118
1933-01-09,112,110,119,118
1933-01-10,112,110,118,117
1933-01-11,112,110,118,117
1933-01-12,112,110,118,117
1933-01-13,111,109,118,117
1933-01-14,111,109,118,117
1933-01-15,111,109,118,117
1933-01-16,111,109,118,117
1933-01-17,111,109,118,117
1933-01-18,111,109,118,117
1933-01-19,111,109,118,117
1933-01-20,111,109,118,117
1933-01-21,111,109,118,117
1933-01-22,111,109,118,117
1933-01-23,111,109,118,117
1933-01-24,111,109,118,117
1933-01-25,111,109,118,117
1933-01-26,111,109,118,117
1933-01-27,111,109,117,116
1933-01-28,111,109,117,116
1933-01-29,111,109,117,116
1933-01-30,111,109,117,116
1933-01-31,111,109,117,116
1933-02-01,111,109,117,116
1933-02-02,111,109,117,116
1933-02-03,111,109,117,116
1933-02-04,111,109,117,116
1933-02-05,111,109,117,116
1933-02-06,111,109,117,116
1933-02-07,111,109,117,116
1933-02-08,110,108,117,116
1933-02-09,110,108,117,116
1933-02-10,110,108,117,116
1933-02-11,110,108,115,114
1933-02-12,110,108,115,114
1933-02-13,110,108,115,114
1933-02-14,110,108,115,114
1933-02-15,110,108,115,114
1933-02-16,110,108,113,112
1933-02-17,110,108,113,112
1933-02-18,110,108,113,112
1933-02-19,109,107,113,112
1933-02-20,109,107,113,112
1933-02-21,109,107,113,112
1933-02-22,109,107,113,112
1933-02-23,109,107,113,112
1933-02-24,109,107,113,112
1933-02-25,109,107,113,112
1933-02-26,109,107,113,112
1933-02-27,109,107,113,112
1933-02-28,109,107,113,112
1933-03-01,109,107,113,112
1933-03-02,109,107,113,112
1933-03-03,109,107,113,112
1933-03-04,109,107,113,112
1933-03-05,109,107,113,112
1933-03-06,109,107,113,112
1933-03-07,109,107,112,111
1933-03-08,109,107,112,111
1933-03-09,109,107,112,111
1933-03-10,109,107,112,111
1933-03-11,109,107,112,111
1933-03-12,109,107,112,111
1933-03-13,109,107,112,111
1933-03-14,109,107,112,111
1933-03-15,109,107,112,111
1933-03-16,109,107,112,111
1933-03-17,109,107,112,111
1933-03-18,109,107,112,111
1933-03-19,108,106,112,111
1933-03-20,108,106,112,111
1933-03-21,108,106,112,111
1933-03-22,108,106,112,111
1933-03-23,108,106,112,111
1933-03-24,108,106,112,111
1933-03-25,108,106,112,111
1933-03-26,107,105,112,111
1933-03-27,107,105,112,111
1933-03-28,107,105,112,111
1933-03-29,107,105,112,111
1933-03-30,107,105,112,111
1933-03-31,107,105,112,111
1933-04-01,107,105,112,111
1933-04-02,107,105,112,111
1933-04-03,107,105,112,111
1933-04-04,107,105,112,111
1933-04-05,106,104,112,111
1933-04-06,106,104,112,111
1933-04-07,106,104,112,111
1933-04-08,106,104,112,111
1933-04-09,106,104,112,111
1933-04-10,106,104,112,111
1933-04-11,106,104,112,111
1933-04-12,106,104,112,111
1933-04-13,106,104,112,111
1933-04-14,106,104,112,111
1933-04-15,106,104,112,111
1933-04-16,106,104,112,111
1933-04-17,106,104,112,111
1933-04-18,106,104,112,111
1933-04-19,106,104,112,111
1933-04-20,106,104,112,111
1933-04-21,106,104,112,111
1933-04-22,106,104,112,111
1933-04-23,106,104,111,110
1933-04-24,106,104,111,110
1933-04-25,106,104,111,110
1933-04-26,106,104,111,110
1933-04-27,106,104,111,110
1933-04-28,106,104,111,110
1933-04-29,106,104,111,110
1933-04-30,105,103,111,110
1933-05-01,105,103,111,110
1933-05-02,105,103,111,110
1933-05-03,105,103,111,110
1933-05-04,105,103,111,110
1933-05-05,105,103,111,110
1933-05-06,105,103,111,110
1933-05-07,105,103,111,110
1933-05-08,105,103,111,110
1933-05-09,105,103,111,110
1933-05-10,105,103,111,110
1933-05-11,105,103,111,110
1933-05-12,105,103,111,110
1933-05-13,105,103,111,110
1933-05-14,105,103,111,110
1933-05-15,105,103,111,110
1933-05-16,105,103,111,110
1933-05-17,105,103,111,110
1933-05-18,105,103,111,110
1933-05-19,105,103,111,110
1933-05-20,104,102,111,110
1933-05-21,104,102,111,110
1933-05-22,104,102,111,110
1933-05-23,104,102,111,110
1933-05-24,104,102,111,110
1933-05-25,104,102,111,110
1933-05-26,104,102,111,110
1933-05-27,104,102,111,110
1933-05-28,104,102,111,110
1933-05-29,104,102,111,110
1933-05-30,104,102,111,110
1933-05-31,104,102,111,110
1933-06-01,104,102,111,110
1933-06-02,104,102,111,110
1933-06-03,104,102,111,110
1933-06-04,104,102,111,110
1933-06-05,104,102,111,110
1933-06-06,104,102,111,110
1933-06-07,104,102,111,110
1933-06-08,104,102,111,110
1933-06-09,104,102,111,110
1933-06-10,104,102,111,110
1933-06-11,104,102,111,110
1933-06-12,104,102,111,110
1933-06-13,104,102,111,110
1933-06-14,104,102,111,110
1933-06-15,104,102,111,110
1933-06-16,104,102,111,110
1933-06-17,104,102,111,110
1933-06-18,103,101,111,110
1933-06-19,103,101,111,110
1933-06-20,103,101,111,110
1933-06-21,103,101,111,110
1933-06-22,102,100,111,110
1933-06-23,102,100,111,110
1933-06-24,102,100,111,110
1933-06-25,102,100,111,110
1933-06-26,102,100,111,110
1933-06-27,102,100,111,110
1933-06-28,102,100,111,110
1933-06-29,102,100,111,110
1933-06-30,102,100,111,110
1933-07-01,102,100,111,110
1933-07-02,102,100,111,110
1933-07-03,102,100,111,110
1933-07-04,102,100,111,110
1933-07-05,102,100,111,110
1933-07-06,102,100,111,110
1933-07-07,102,100,111,110
1933-07-08,102,100,111,110
1933-07-09,102,100,111,110
1933-07-10,102,100,111,110
1933-07-11,102,100,111,110
1933-07-12,102,100,111,110
1933-07-13,102,100,111,110
1933-07-14,102,100,111,110
1933-07-15,102,100,111,110
1933-07-16,102,100,111,110
1933-07-17,102,100,111,110
1933-07-18,102,100,111,110
1933-07-19,102,100,111,110
1933-07-20,102,100,111,110
1933-07-21,102,100,111,110
1933-07-22,102,100,111,110
1933-07-23,102,100,111,110
1933-07-24,102,100,111,110
1933-07-25,102,100,111,110
1933-07-26,102,100,111,110
1933-07-27,102,100,111,110
1933-07-28,102,100,111,110
1933-07-29,102,100,111,110
1933-07-30,102,100,111,110
1933-07-31,102,100,111,110
1933-08-01,102,100,111,110
1933-08-02,102,100,111,110
1933-08-03,102,100,111,110
1933-08-04,102,100,111,110
1933-08-05,102,100,111,110
1933-08-06,102,100,111,110
1933-08-07,102,100,111,110
1933-08-08,102,100,111,110
1933-08-09,102,100,111,110
1933-08-10,102,100,111,110
1933-08-11,102,100,111,110
1933-08-12,102,100,111,110
1933-08-13,102,100,111,110
1933-08-14,102,100,111,110
1933-08-15,102,100,111,110
1933-08-16,102,100,111,110
1933-08-17,102,100,111,110
1933-08-18,102,100,111,110
1933-08-19,102,100,111,110
1933-08-20,102,100,111,110
1933-08-21,102,100,111,110
1933-08-22,102,100,111,110
1933-08-23,102,100,111,110
1933-08-24,102,100,111,110
1933-08-25,102,100,111,110
1933-08-26,102,100,111,110
1933-08-27,102,100,111,110
1933-08-28,102,100,111,110
1933-08-29,102,100,111,110
1933-08-30,102,100,111,110
1933-08-31,102,100,111,110
1933-09-01,102,100,111,110
1933-09-02,102,100,111,110
1933-09-03,102,100,111,110
1933-09-04,102,100,111,110
1933-09-05,102,100,111,110
1933-09-06,102,100,111,110
1933-09-07,102,100,110,109
1933-09-08,102,100,110,109
1933-09-09,102,100,110,109
1933-09-10,102,100,110,109
1933-09-11,102,100,110,109
1933-09-12,102,100,110,109
1933-09-13,102,100,110,109
1933-09-14,102,100,110,109
1933-09-15,102,100,110,109
1933-09-16,102,100,110,109
1933-09-17,102,100,110,109
1933-09-18,102,100,110,109
1933-09-19,102,100,110,109
1933-09-20,102,100,110,109
1933-09-21,102,100,110,109
1933-09-22,102,100,111,110
1933-09-23,102,100,111,110
1933-09-24,102,100,111,110
1933-09-25,102,100,111,110
1933-09-26,102,100,111,110
1933-09-27,102,100,111,110
1933-09-28,102,100,111,110
1933-09-29,102,100,111,110
1933-09-30,102,100,111,110
1933-10-01,102,100,111,110
1933-10-02,102,100,111,110
1933-10-03,102,100,111,110
1933-10-04,102,100,111,110
1933-10-05,102,100,111,110
1933-10-06,102,100,111,110
1933-10-07,102,100,111,110
1933-10-08,102,100,111,110
1933-10-09,102,100,111,110
1933-10-10,102,100,111,110
1933-10-11,102,100,111,110
1933-10-12,102,100,111,110
1933-10-13,102,100,111,110
1933-10-14,102,100,111,110
1933-10-15,102,100,111,110
1933-10-16,102,100,111,110
1933-10-17,102,100,111,110
1933-10-18,102,100,111,110
1933-10-19,102,100,111,110
1933-10-20,102,100,111,110
1933-10-21,102,100,111,110
1933-10-22,102,100,111,110
1933-10-23,102,100,111,110
1933-10-24,102,100,111,110
1933-10-25,102,100,111,110
1933-10-26,102,100,111,110
1933-10-27,102,100,111,110
1933-10-28,102,100,111,110
1933-10-29,102,100,111,110
1933-10-30,102,100,111,110
1933-10-31,102,100,111,110
1933-11-01,102,100,111,110
1933-11-02,102,100,111,110
1933-11-03,102,100,111,110
1933-11-04,102,100,111,110
1933-11-05,102,100,111,110
1933-11-06,102,100,111,110
1933-11-07,102,100,111,110
1933-11-08,102,100,111,110
1933-11-09,102,100,111,110
1933-11-10,102,100,111,110
1933-11-11,102,100,111,110
1933-11-12,102,100,111,110
1933-11-13,102,100,111,110
1933-11-14,102,100,111,110
1933-11-15,102,100,111,110
1933-11-16,102,100,111,110
1933-11-17,102,100,111,110
1933-11-18,102,100,111,110
1933-11-19,102,100,111,110
1933-11-20,102,100,111,110
1933-11-21,102,100,111,110
1933-11-22,102,100,111,110
1933-11-23,102,100,111,110
1933-11-24,102,100,111,110
1933-11-25,102,100,111,110
1933-11-26,102,100,111,110
1933-11-27,102,100,111,110
1933-11-28,102,100,111,110
1933-11-29,102,100,111,110
1933-11-30,102,101,111,110
1933-12-01,102,101,111,110
1933-12-02,102,101,111,110
1933-12-03,102,101,111,110
1933-12-04,102,101,111,110
1933-12-05,102,101,111,110
1933-12-06,102,102,111,110
1933-12-07,102,102,111,110
1933-12-08,102,102,111,110
1933-12-09,102,102,111,110
1933-12-10,102,102,111,110
1933-12-11,102,102,111,110
1933-12-12,102,102,111,110
1933-12-13,102,102,111,110
1933-12-14,102,102,111,110
1933-12-15,102,102,111,110
1933-12-16,102,102,111,110
1933-12-17,102,102,111,110
1933-12-18,102,102,111,110
1933-12-19,102,102,111,110
1933-12-20,102,102,111,110
1933-12-21,102,102,111,110
1933-12-22,102,102,111,110
1933-12-23,102,102,111,110
1933-12-24,102,102,111,110
1933-12-25,102,102,111,110
1933-12-26,102,102,111,110
1933-12-27,102,102,111,110
1933-12-28,102,102,111,110
1933-12-29,102,102,111,110
1933-12-30,102,102,111,110
1933-12-31,102,102,111,110
1934-01-01,102,102,111,110
1934-01-02,102,102,111,110
1934-01-03,102,102,111,110
1934-01-04,102,102,111,110
1934-01-05,102,102,111,110
1934-01-06,102,102,111,110
1934-01-07,102,102,111,110
1934-01-08,102,102,111,110
1934-01-09,102,102,111,110
1934-01-10,102,102,111,110
1934-01-11,102,102,111,110
1934-01-12,102,102,111,110
1934-01-13,102,102,110,109
1934-01-14,102,102,110,109
1934-01-15,102,102,110,109
1934-01-16,102,102,110,109
1934-01-17,102,102,110,109
1934-01-18,102,102,110,109
1934-01-19,102,102,110,109
1934-01-20,102,102,110,109
1934-01-21,102,102,110,109
1934-01-22,102,102,110,109
1934-01-23,102,102,110,109
1934-01-24,102,102,110,109
1934-01-25,102,102,110,109
1934-01-26,102,102,110,109
1934-01-27,102,102,110,109
1934-01-28,102,102,110,109
1934-01-29,102,102,110,109
1934-01-30,102,102,110,109
1934-01-31,102,102,110,109
1934-02-01,102,102,110,109
1934-02-02,102,102,110,109
1934-02-03,102,102,110,109
1934-02-04,102,102,110,109
1934-02-05,102,102,110,109
1934-02-06,102,102,110,109
1934-02-07,102,102,110,109
1934-02-08,102,102,110,109
1934-02-09,102,102,110,109
1934-02-10,102,102,110,109
1934-02-11,102,102,110,109
1934-02-12,102,102,110,109
1934-02-13,102,102,110,109
1934-02-14,102,102,110,109
1934-02-15,102,102,110,109
1934-02-16,102,102,110,109
1934-02-17,102,102,110,109
1934-02-18,102,102,110,109
1934-02-19,102,102,110,109
1934-02-20,102,102,110,109
1934-02-21,102,102,110,109
1934-02-22,102,102,110,109
1934-02-23,102,102,110,109
1934-02-24,102,102,110,109
1934-02-25,102,102,110,109
1934-02-26,102,102,110,109
1934-02-27,102,102,110,109
1934-02-28,102,102,110,109
1934-03-01,102,102,110,109
1934-03-02,102,102,110,109
1934-03-03,102,102,110,109
1934-03-04,102,102,110,109
1934-03-05,102,102,110,109
1934-03-06,102,102,110,109
1934-03-07,102,102,110,109
1934-03-08,102,102,110,109
1934-03-09,102,102,110,109
1934-03-10,102,102,110,109
1934-03-11,102,102,110,109
1934-03-12,102,102,110,109
1934-03-13,102,102,110,109
1934-03-14,102,102,110,109
1934-03-15,102,102,110,109
1934-03-16,102,102,110,109
1934-03-17,102,102,110,109
1934-03-18,102,102,110,109
1934-03-19,102,102,110,109
1934-03-20,102,102,110,109
1934-03-21,102,102,110,109
1934-03-22,102,102,110,109
1934-03-23,102,102,110,109
1934-03-24,102,102,110,109
1934-03-25,102,102,110,109
1934-03-26,102,102,110,109
1934-03-27,102,102,110,109
1934-03-28,102,102,110,109
1934-03-29,102,102,110,109
1934-03-30,102,102,110,109
1934-03-31,102,102,110,109
1934-04-01,102,102,110,109
1934-04-02,102,102,110,109
1934-04-03,102,102,110,109
1934-04-04,102,102,110,109
1934-04-05,102,102,110,109
1934-04-06,102,102,110,109
1934-04-07,102,102,110,109
1934-04-08,102,102,110,109
1934-04-09,102,102,110,109
1934-04-10,102,102,110,109
1934-04-11,102,102,110,109
1934-04-12,102,102,110,109
1934-04-13,102,102,110,109
1934-04-14,102,102,110,109
1934-04-15,102,102,110,109
1934-04-16,102,102,110,109
1934-04-17,102,102,110,109
1934-04-18,102,102,110,109
1934-04-19,102,102,110,109
1934-04-20,102,102,110,109
1934-04-21,102,102,110,109
1934-04-22,102,102,110,109
1934-04-23,102,102,110,109
1934-04-24,102,102,110,109
1934-04-25,102,102,110,109
1934-04-26,102,102,110,109
1934-04-27,102,102,110,109
1934-04-28,102,102,110,109
1934-04-29,102,102,110,109
1934-04-30,102,102,110,109
1934-05-01,102,102,110,109
1934-05-02,102,102,110,109
1934-05-03,102,102,110,109
1934-05-04,102,102,110,109
1934-05-05,102,102,110,109
1934-05-06,102,102,110,109
1934-05-07,102,102,110,109
1934-05-08,102,102,110,109
1934-05-09,102,102,110,109
1934-05-10,102,102,110,109
1934-05-11,102,102,110,109
1934-05-12,102,102,110,109
1934-05-13,102,102,110,109
1934-05-14,102,102,110,109
1934-05-15,102,102,110,109
1934-05-16,102,102,110,109
1934-05-17,102,102,110,109
1934-05-18,102,102,110,109
1934-05-19,102,102,110,109
1934-05-20,102,102,110,109
1934-05-21,102,102,110,109
1934-05-22,102,102,110,109
1934-05-23,102,102,110,109
1934-05-24,102,102,110,109
1934-05-25,102,102,110,109
1934-05-26,102,102,110,109
1934-05-27,102,102,110,109
1934-05-28,102,102,110,109
1934-05-29,102,102,110,109
1934-05-30,102,102,110,109
1934-05-31,102,102,110,109
1934-06-01,102,102,110,109
1934-06-02,102,102,110,109
1934-06-03,102,102,110,109
1934-06-04,102,102,110,109
1934-06-05,102,102,110,109
1934-06-06,102,102,110,109
1934-06-07,102,102,110,109
1934-06-08,102,102,110,109
1934-06-09,102,102,110,109
1934-06-10,102,102,110,109
1934-06-11,102,102,110,109
1934-06-12,102,102,110,109
1934-06-13,102,102,110,109
1934-06-14,102,102,110,109
1934-06-15,102,102,110,109
1934-06-16,102,102,110,109
1934-06-17,102,102,110,109
1934-06-18,102,102,110,109
1934-06-19,102,102,110,109
1934-06-20,102,102,110,109
1934-06-21,102,102,110,109
1934-06-22,102,102,110,109
1934-06-23,102,102,110,109
1934-06-24,102,102,110,109
1934-06-25,102,102,110,109
1934-06-26,102,102,110,109
1934-06-27,102,102,110,109
1934-06-28,102,102,110,109
1934-06-29,102,102,110,109
1934-06-30,102,102,110,109
1934-07-01,102,102,109,108
1934-07-02,102,102,109,108
1934-07-03,102,102,109,108
1934-07-04,102,102,109,108
1934-07-05,102,102,109,108
1934-07-06,102,102,109,108
1934-07-07,102,102,109,108
1934-07-08,102,102,109,108
1934-07-09,102,102,109,108
1934-07-10,102,102,109,108
1934-07-11,102,102,109,108
1934-07-12,102,102,109,108
1934-07-13,102,102,109,108
1934-07-14,102,102,109,108
1934-07-15,102,102,109,108
1934-07-16,102,102,109,108
1934-07-17,102,102,109,108
1934-07-18,102,102,109,108
1934-07-19,102,102,109,108
1934-07-20,102,103,109,108
1934-07-21,102,103,109,108
1934-07-22,102,103,109,108
1934-07-23,102,103,109,108
1934-07-24,102,103,109,108
1934-07-25,102,103,109,108
1934-07-26,102,103,109,108
1934-07-27,102,103,109,108
1934-07-28,102,103,109,108
1934-07-29,102,103,109,108
1934-07-30,102,103,109,108
1934-07-31,102,103,109,108
1934-08-01,102,103,109,108
1934-08-02,102,103,109,108
1934-08-03,102,103,109,108
1934-08-04,102,103,109,108
1934-08-05,102,103,109,108
1934-08-06,102,103,109,108
1934-08-07,102,103,109,108
1934-08-08,102,103,109,108
1934-08-09,102,103,109,108
1934-08-10,102,103,109,108
1934-08-11,102,103,109,108
1934-08-12,102,103,109,108
1934-08-13,102,103,109,108
1934-08-14,102,103,109,108
1934-08-15,102,103,109,108
1934-08-16,102,103,109,108
1934-08-17,102,103,109,108
1934-08-18,102,103,109,108
1934-08-19,102,103,109,108
1934-08-20,102,103,109,108
1934-08-21,102,103,109,109
